					NMN (nmol/mg enzyme/min)		kcat (1/s)
Time	Nam (mM)	PRPP (mM)	ATP (mM)	Repeat	Wildtype	Mutant	Wildtype	Mutant
10 min	1	1	0	1	8.1784833724	3.5735556879	0.0184015876	0.0065515188
10 min	1	1	0	2	7.8176679295	3.3750248164	0.0175897528	0.0061875455
10 min	1	1	0	3	7.9379397438	3.1764939448	0.0178603644	0.0058235722
10 min	0.1	1	0	1	6.6149497865	1.4889815366	0.014883637	0.0027297995
10 min	0.1	1	0	2	6.9757652294	2.0845741513	0.0156954718	0.0038217193
10 min	0.1	1	0	3	7.3365806723	2.1838395871	0.0165073065	0.0040037059
10 min	0.1	0.1	0	1	2.7662517289	0.9926543578	0.0062240664	0.0018198663
10 min	0.1	0.1	0	2	3.0067953575	0.6948580504	0.0067652896	0.0012739064
10 min	0.1	0.1	0	3	3.3676108004	-0.0992654358	0.0075771243	-0.0001819866
10 min	0.1	0.1	1	1	4.9311443863	0.7941234862	0.0110950749	0.0014558931
10 min	0.1	0.1	1	2	5.6527752721	0.2977963073	0.0127187444	0.0005459599
10 min	0.1	0.1	1	3	4.810872572	0.9926543578	0.0108244633	0.0018198663
10 min	1	0.1	0	1	6.4946779722	1.5882469724	0.0146130254	0.0029117861
10 min	1	0.1	0	2	6.9757652294	1.786777844	0.0156954718	0.0032757594
10 min	1	0.1	0	3	6.2541343436	1.3897161009	0.0140718023	0.0025478129
